Episode, Reward, Steps, Loss, Entropy
1.0000,15.0000,15.0000,0.0000,0.6900
2.0000,15.0000,15.0000,0.0000,0.6900
3.0000,46.0000,46.0000,0.0000,0.6900
4.0000,25.0000,25.0000,0.0000,0.6900
5.0000,61.0000,61.0000,0.5068,0.6861
6.0000,73.0000,73.0000,0.5068,0.6861
7.0000,13.0000,13.0000,0.5068,0.6861
8.0000,22.0000,22.0000,0.5068,0.6861
9.0000,26.0000,26.0000,0.5068,0.6861
10.0000,24.0000,24.0000,0.4308,0.6868
11.0000,50.0000,50.0000,0.4308,0.6868
12.0000,22.0000,22.0000,0.4308,0.6868
13.0000,21.0000,21.0000,0.4308,0.6868
14.0000,33.0000,33.0000,0.4308,0.6868
15.0000,73.0000,73.0000,0.7069,0.6824
16.0000,20.0000,20.0000,0.7069,0.6824
17.0000,20.0000,20.0000,0.7069,0.6824
18.0000,34.0000,34.0000,0.7069,0.6824
19.0000,14.0000,14.0000,0.7069,0.6824
20.0000,55.0000,55.0000,0.3876,0.6838
21.0000,16.0000,16.0000,0.3876,0.6838
22.0000,18.0000,18.0000,0.3876,0.6838
23.0000,27.0000,27.0000,0.3876,0.6838
24.0000,66.0000,66.0000,0.3876,0.6838
25.0000,54.0000,54.0000,0.3917,0.6692
26.0000,18.0000,18.0000,0.3917,0.6692
27.0000,54.0000,54.0000,0.3917,0.6692
28.0000,50.0000,50.0000,0.3917,0.6692
29.0000,19.0000,19.0000,0.3917,0.6692
30.0000,15.0000,15.0000,0.8214,0.6365
31.0000,99.0000,99.0000,0.8214,0.6365
32.0000,27.0000,27.0000,0.8214,0.6365
33.0000,35.0000,35.0000,0.8214,0.6365
34.0000,47.0000,47.0000,0.8214,0.6365
35.0000,71.0000,71.0000,0.5226,0.6587
36.0000,31.0000,31.0000,0.5226,0.6587
37.0000,25.0000,25.0000,0.5226,0.6587
38.0000,86.0000,86.0000,0.5226,0.6587
39.0000,22.0000,22.0000,0.5226,0.6587
40.0000,29.0000,29.0000,0.4836,0.6504
41.0000,22.0000,22.0000,0.4836,0.6504
42.0000,37.0000,37.0000,0.4836,0.6504
43.0000,42.0000,42.0000,0.4836,0.6504
44.0000,59.0000,59.0000,0.4836,0.6504
45.0000,32.0000,32.0000,0.4704,0.6447
46.0000,57.0000,57.0000,0.4704,0.6447
47.0000,56.0000,56.0000,0.4704,0.6447
48.0000,118.0000,118.0000,0.4704,0.6447
49.0000,44.0000,44.0000,0.4704,0.6447
50.0000,67.0000,67.0000,0.5643,0.6390
51.0000,105.0000,105.0000,0.5643,0.6390
52.0000,135.0000,135.0000,0.5643,0.6390
53.0000,62.0000,62.0000,0.5643,0.6390
54.0000,49.0000,49.0000,0.5643,0.6390
55.0000,75.0000,75.0000,0.3921,0.6141
56.0000,186.0000,186.0000,0.3921,0.6141
57.0000,112.0000,112.0000,0.3921,0.6141
58.0000,89.0000,89.0000,0.3921,0.6141
59.0000,125.0000,125.0000,0.3921,0.6141
60.0000,127.0000,127.0000,0.5732,0.5966
61.0000,151.0000,151.0000,0.5732,0.5966
62.0000,140.0000,140.0000,0.5732,0.5966
63.0000,99.0000,99.0000,0.5732,0.5966
64.0000,105.0000,105.0000,0.5732,0.5966
65.0000,175.0000,175.0000,0.4334,0.6035
66.0000,115.0000,115.0000,0.4334,0.6035
67.0000,68.0000,68.0000,0.4334,0.6035
68.0000,64.0000,64.0000,0.4334,0.6035
69.0000,90.0000,90.0000,0.4334,0.6035
70.0000,78.0000,78.0000,0.6349,0.5726
71.0000,316.0000,316.0000,0.6349,0.5726
72.0000,254.0000,254.0000,0.6349,0.5726
73.0000,204.0000,204.0000,0.6349,0.5726
74.0000,79.0000,79.0000,0.6349,0.5726
75.0000,222.0000,222.0000,0.6200,0.5891
76.0000,54.0000,54.0000,0.6200,0.5891
77.0000,97.0000,97.0000,0.6200,0.5891
78.0000,176.0000,176.0000,0.6200,0.5891
79.0000,115.0000,115.0000,0.6200,0.5891
80.0000,43.0000,43.0000,0.4623,0.5692
81.0000,122.0000,122.0000,0.4623,0.5692
82.0000,144.0000,144.0000,0.4623,0.5692
83.0000,111.0000,111.0000,0.4623,0.5692
84.0000,168.0000,168.0000,0.4623,0.5692
85.0000,248.0000,248.0000,0.1087,0.5713
86.0000,152.0000,152.0000,0.1087,0.5713
87.0000,103.0000,103.0000,0.1087,0.5713
88.0000,223.0000,223.0000,0.1087,0.5713
89.0000,194.0000,194.0000,0.1087,0.5713
90.0000,216.0000,216.0000,0.1639,0.5614
91.0000,146.0000,146.0000,0.1639,0.5614
92.0000,114.0000,114.0000,0.1639,0.5614
93.0000,321.0000,321.0000,0.1639,0.5614
94.0000,202.0000,202.0000,0.1639,0.5614
95.0000,118.0000,118.0000,0.5090,0.5477
96.0000,136.0000,136.0000,0.5090,0.5477
97.0000,160.0000,160.0000,0.5090,0.5477
98.0000,172.0000,172.0000,0.5090,0.5477
99.0000,42.0000,42.0000,0.5090,0.5477
100.0000,156.0000,156.0000,0.4329,0.5333
101.0000,500.0000,500.0000,0.4329,0.5333
102.0000,111.0000,111.0000,0.4329,0.5333
103.0000,351.0000,351.0000,0.4329,0.5333
104.0000,308.0000,308.0000,0.4329,0.5333
105.0000,256.0000,256.0000,1.0396,0.5476
106.0000,221.0000,221.0000,1.0396,0.5476
107.0000,165.0000,165.0000,1.0396,0.5476
108.0000,202.0000,202.0000,1.0396,0.5476
109.0000,269.0000,269.0000,1.0396,0.5476
110.0000,399.0000,399.0000,0.8443,0.5631
111.0000,457.0000,457.0000,0.8443,0.5631
112.0000,399.0000,399.0000,0.8443,0.5631
113.0000,442.0000,442.0000,0.8443,0.5631
114.0000,333.0000,333.0000,0.8443,0.5631
115.0000,374.0000,374.0000,0.5106,0.5724
116.0000,145.0000,145.0000,0.5106,0.5724
117.0000,202.0000,202.0000,0.5106,0.5724
118.0000,198.0000,198.0000,0.5106,0.5724
119.0000,239.0000,239.0000,0.5106,0.5724
120.0000,435.0000,435.0000,0.4975,0.5755
121.0000,267.0000,267.0000,0.4975,0.5755
122.0000,205.0000,205.0000,0.4975,0.5755
123.0000,264.0000,264.0000,0.4975,0.5755
124.0000,341.0000,341.0000,0.4975,0.5755
125.0000,323.0000,323.0000,0.4817,0.5808
126.0000,198.0000,198.0000,0.4817,0.5808
127.0000,452.0000,452.0000,0.4817,0.5808
128.0000,333.0000,333.0000,0.4817,0.5808
129.0000,500.0000,500.0000,0.4817,0.5808
130.0000,178.0000,178.0000,0.5017,0.5857
131.0000,419.0000,419.0000,0.5017,0.5857
132.0000,83.0000,83.0000,0.5017,0.5857
133.0000,117.0000,117.0000,0.5017,0.5857
134.0000,192.0000,192.0000,0.5017,0.5857
135.0000,361.0000,361.0000,0.5578,0.5741
136.0000,265.0000,265.0000,0.5578,0.5741
137.0000,26.0000,26.0000,0.5578,0.5741
138.0000,196.0000,196.0000,0.5578,0.5741
139.0000,105.0000,105.0000,0.5578,0.5741
140.0000,500.0000,500.0000,0.5230,0.5693
141.0000,240.0000,240.0000,0.5230,0.5693
142.0000,286.0000,286.0000,0.5230,0.5693
143.0000,112.0000,112.0000,0.5230,0.5693
144.0000,362.0000,362.0000,0.5230,0.5693
145.0000,244.0000,244.0000,0.3704,0.5686
146.0000,232.0000,232.0000,0.3704,0.5686
147.0000,500.0000,500.0000,0.3704,0.5686
148.0000,120.0000,120.0000,0.3704,0.5686
149.0000,462.0000,462.0000,0.3704,0.5686
150.0000,134.0000,134.0000,0.4755,0.5567
151.0000,243.0000,243.0000,0.4755,0.5567
152.0000,500.0000,500.0000,0.4755,0.5567
153.0000,381.0000,381.0000,0.4755,0.5567
154.0000,500.0000,500.0000,0.4755,0.5567
155.0000,500.0000,500.0000,0.7391,0.5641
156.0000,500.0000,500.0000,0.7391,0.5641
157.0000,329.0000,329.0000,0.7391,0.5641
158.0000,253.0000,253.0000,0.7391,0.5641
159.0000,230.0000,230.0000,0.7391,0.5641
160.0000,440.0000,440.0000,0.7416,0.5717
161.0000,204.0000,204.0000,0.7416,0.5717
162.0000,186.0000,186.0000,0.7416,0.5717
163.0000,500.0000,500.0000,0.7416,0.5717
164.0000,204.0000,204.0000,0.7416,0.5717
165.0000,307.0000,307.0000,0.4086,0.5687
166.0000,500.0000,500.0000,0.4086,0.5687
167.0000,180.0000,180.0000,0.4086,0.5687
168.0000,147.0000,147.0000,0.4086,0.5687
169.0000,175.0000,175.0000,0.4086,0.5687
170.0000,256.0000,256.0000,0.2289,0.5509
171.0000,358.0000,358.0000,0.2289,0.5509
172.0000,500.0000,500.0000,0.2289,0.5509
173.0000,301.0000,301.0000,0.2289,0.5509
174.0000,500.0000,500.0000,0.2289,0.5509
175.0000,500.0000,500.0000,0.4410,0.5629
176.0000,287.0000,287.0000,0.4410,0.5629
177.0000,500.0000,500.0000,0.4410,0.5629
178.0000,500.0000,500.0000,0.4410,0.5629
179.0000,330.0000,330.0000,0.4410,0.5629
180.0000,261.0000,261.0000,0.6682,0.5599
181.0000,127.0000,127.0000,0.6682,0.5599
182.0000,232.0000,232.0000,0.6682,0.5599
183.0000,500.0000,500.0000,0.6682,0.5599
184.0000,316.0000,316.0000,0.6682,0.5599
185.0000,410.0000,410.0000,0.7125,0.5636
186.0000,500.0000,500.0000,0.7125,0.5636
187.0000,364.0000,364.0000,0.7125,0.5636
188.0000,293.0000,293.0000,0.7125,0.5636
189.0000,330.0000,330.0000,0.7125,0.5636
190.0000,500.0000,500.0000,0.6257,0.5630
191.0000,86.0000,86.0000,0.6257,0.5630
192.0000,350.0000,350.0000,0.6257,0.5630
193.0000,191.0000,191.0000,0.6257,0.5630
194.0000,500.0000,500.0000,0.6257,0.5630
195.0000,500.0000,500.0000,0.4118,0.5672
196.0000,440.0000,440.0000,0.4118,0.5672
197.0000,314.0000,314.0000,0.4118,0.5672
198.0000,454.0000,454.0000,0.4118,0.5672
199.0000,172.0000,172.0000,0.4118,0.5672
200.0000,114.0000,114.0000,0.2765,0.5622
201.0000,484.0000,484.0000,0.2765,0.5622
202.0000,178.0000,178.0000,0.2765,0.5622
203.0000,307.0000,307.0000,0.2765,0.5622
204.0000,303.0000,303.0000,0.2765,0.5622
205.0000,278.0000,278.0000,0.5793,0.5637
206.0000,340.0000,340.0000,0.5793,0.5637
207.0000,362.0000,362.0000,0.5793,0.5637
208.0000,239.0000,239.0000,0.5793,0.5637
209.0000,500.0000,500.0000,0.5793,0.5637
210.0000,319.0000,319.0000,0.3604,0.5555
211.0000,500.0000,500.0000,0.3604,0.5555
212.0000,500.0000,500.0000,0.3604,0.5555
213.0000,500.0000,500.0000,0.3604,0.5555
214.0000,228.0000,228.0000,0.3604,0.5555
215.0000,500.0000,500.0000,0.6239,0.5524
216.0000,500.0000,500.0000,0.6239,0.5524
217.0000,443.0000,443.0000,0.6239,0.5524
218.0000,355.0000,355.0000,0.6239,0.5524
219.0000,193.0000,193.0000,0.6239,0.5524
220.0000,497.0000,497.0000,0.3019,0.5500
221.0000,500.0000,500.0000,0.3019,0.5500
222.0000,301.0000,301.0000,0.3019,0.5500
223.0000,294.0000,294.0000,0.3019,0.5500
224.0000,500.0000,500.0000,0.3019,0.5500
225.0000,192.0000,192.0000,0.4003,0.5496
226.0000,252.0000,252.0000,0.4003,0.5496
227.0000,393.0000,393.0000,0.4003,0.5496
228.0000,443.0000,443.0000,0.4003,0.5496
229.0000,418.0000,418.0000,0.4003,0.5496
230.0000,441.0000,441.0000,0.3290,0.5548
231.0000,435.0000,435.0000,0.3290,0.5548
232.0000,315.0000,315.0000,0.3290,0.5548
233.0000,500.0000,500.0000,0.3290,0.5548
234.0000,500.0000,500.0000,0.3290,0.5548
235.0000,500.0000,500.0000,0.4067,0.5536
236.0000,500.0000,500.0000,0.4067,0.5536
237.0000,500.0000,500.0000,0.4067,0.5536
238.0000,500.0000,500.0000,0.4067,0.5536
239.0000,500.0000,500.0000,0.4067,0.5536
240.0000,500.0000,500.0000,0.8197,0.5464
241.0000,289.0000,289.0000,0.8197,0.5464
242.0000,204.0000,204.0000,0.8197,0.5464
243.0000,235.0000,235.0000,0.8197,0.5464
244.0000,264.0000,264.0000,0.8197,0.5464
245.0000,256.0000,256.0000,0.1170,0.5613
246.0000,279.0000,279.0000,0.1170,0.5613
247.0000,500.0000,500.0000,0.1170,0.5613
248.0000,335.0000,335.0000,0.1170,0.5613
249.0000,299.0000,299.0000,0.1170,0.5613
250.0000,276.0000,276.0000,0.1542,0.5682
251.0000,500.0000,500.0000,0.1542,0.5682
252.0000,179.0000,179.0000,0.1542,0.5682
253.0000,270.0000,270.0000,0.1542,0.5682
254.0000,500.0000,500.0000,0.1542,0.5682
255.0000,22.0000,22.0000,0.6161,0.5520
256.0000,313.0000,313.0000,0.6161,0.5520
257.0000,245.0000,245.0000,0.6161,0.5520
258.0000,279.0000,279.0000,0.6161,0.5520
259.0000,344.0000,344.0000,0.6161,0.5520
260.0000,197.0000,197.0000,0.1334,0.5542
261.0000,500.0000,500.0000,0.1334,0.5542
262.0000,396.0000,396.0000,0.1334,0.5542
263.0000,307.0000,307.0000,0.1334,0.5542
264.0000,500.0000,500.0000,0.1334,0.5542
265.0000,500.0000,500.0000,0.1931,0.5552
266.0000,500.0000,500.0000,0.1931,0.5552
267.0000,500.0000,500.0000,0.1931,0.5552
268.0000,500.0000,500.0000,0.1931,0.5552
269.0000,500.0000,500.0000,0.1931,0.5552
270.0000,500.0000,500.0000,1.0592,0.5535
271.0000,500.0000,500.0000,1.0592,0.5535
272.0000,500.0000,500.0000,1.0592,0.5535
273.0000,500.0000,500.0000,1.0592,0.5535
274.0000,500.0000,500.0000,1.0592,0.5535
275.0000,500.0000,500.0000,0.4899,0.5632
276.0000,29.0000,29.0000,0.4899,0.5632
277.0000,500.0000,500.0000,0.4899,0.5632
278.0000,500.0000,500.0000,0.4899,0.5632
279.0000,409.0000,409.0000,0.4899,0.5632
280.0000,500.0000,500.0000,0.2582,0.5656
281.0000,192.0000,192.0000,0.2582,0.5656
282.0000,500.0000,500.0000,0.2582,0.5656
283.0000,500.0000,500.0000,0.2582,0.5656
284.0000,500.0000,500.0000,0.2582,0.5656
285.0000,500.0000,500.0000,0.4728,0.5479
286.0000,500.0000,500.0000,0.4728,0.5479
287.0000,500.0000,500.0000,0.4728,0.5479
288.0000,500.0000,500.0000,0.4728,0.5479
289.0000,500.0000,500.0000,0.4728,0.5479
290.0000,500.0000,500.0000,0.6246,0.5378
291.0000,500.0000,500.0000,0.6246,0.5378
292.0000,500.0000,500.0000,0.6246,0.5378
293.0000,500.0000,500.0000,0.6246,0.5378
294.0000,500.0000,500.0000,0.6246,0.5378
295.0000,500.0000,500.0000,0.5095,0.5382
296.0000,500.0000,500.0000,0.5095,0.5382
297.0000,500.0000,500.0000,0.5095,0.5382
298.0000,500.0000,500.0000,0.5095,0.5382
299.0000,500.0000,500.0000,0.5095,0.5382
300.0000,500.0000,500.0000,0.4356,0.5488
301.0000,500.0000,500.0000,0.4356,0.5488
302.0000,500.0000,500.0000,0.4356,0.5488
303.0000,500.0000,500.0000,0.4356,0.5488
304.0000,500.0000,500.0000,0.4356,0.5488
305.0000,500.0000,500.0000,0.3838,0.5484
306.0000,500.0000,500.0000,0.3838,0.5484
307.0000,500.0000,500.0000,0.3838,0.5484
308.0000,500.0000,500.0000,0.3838,0.5484
309.0000,500.0000,500.0000,0.3838,0.5484
310.0000,500.0000,500.0000,0.4449,0.5476
311.0000,500.0000,500.0000,0.4449,0.5476
312.0000,500.0000,500.0000,0.4449,0.5476
313.0000,500.0000,500.0000,0.4449,0.5476
314.0000,500.0000,500.0000,0.4449,0.5476
315.0000,500.0000,500.0000,0.5310,0.5450
316.0000,500.0000,500.0000,0.5310,0.5450
317.0000,500.0000,500.0000,0.5310,0.5450
318.0000,500.0000,500.0000,0.5310,0.5450
319.0000,500.0000,500.0000,0.5310,0.5450
320.0000,500.0000,500.0000,0.6423,0.5544
321.0000,500.0000,500.0000,0.6423,0.5544
322.0000,500.0000,500.0000,0.6423,0.5544
323.0000,500.0000,500.0000,0.6423,0.5544
324.0000,500.0000,500.0000,0.6423,0.5544
325.0000,500.0000,500.0000,0.4601,0.5519
326.0000,500.0000,500.0000,0.4601,0.5519
327.0000,500.0000,500.0000,0.4601,0.5519
328.0000,500.0000,500.0000,0.4601,0.5519
329.0000,500.0000,500.0000,0.4601,0.5519
330.0000,500.0000,500.0000,0.2615,0.5475
331.0000,500.0000,500.0000,0.2615,0.5475
332.0000,500.0000,500.0000,0.2615,0.5475
333.0000,500.0000,500.0000,0.2615,0.5475
334.0000,500.0000,500.0000,0.2615,0.5475
335.0000,162.0000,162.0000,0.2907,0.5581
336.0000,500.0000,500.0000,0.2907,0.5581
337.0000,500.0000,500.0000,0.2907,0.5581
338.0000,500.0000,500.0000,0.2907,0.5581
339.0000,500.0000,500.0000,0.2907,0.5581
340.0000,500.0000,500.0000,0.5233,0.5531
341.0000,500.0000,500.0000,0.5233,0.5531
342.0000,500.0000,500.0000,0.5233,0.5531
343.0000,500.0000,500.0000,0.5233,0.5531
344.0000,500.0000,500.0000,0.5233,0.5531
345.0000,500.0000,500.0000,0.3548,0.5496
346.0000,378.0000,378.0000,0.3548,0.5496
347.0000,367.0000,367.0000,0.3548,0.5496
348.0000,500.0000,500.0000,0.3548,0.5496
349.0000,500.0000,500.0000,0.3548,0.5496
350.0000,456.0000,456.0000,0.1549,0.5506
351.0000,500.0000,500.0000,0.1549,0.5506
352.0000,344.0000,344.0000,0.1549,0.5506
353.0000,500.0000,500.0000,0.1549,0.5506
354.0000,396.0000,396.0000,0.1549,0.5506
355.0000,500.0000,500.0000,0.2559,0.5440
356.0000,500.0000,500.0000,0.2559,0.5440
357.0000,500.0000,500.0000,0.2559,0.5440
358.0000,500.0000,500.0000,0.2559,0.5440
359.0000,500.0000,500.0000,0.2559,0.5440
360.0000,500.0000,500.0000,0.5849,0.5366
361.0000,500.0000,500.0000,0.5849,0.5366
362.0000,500.0000,500.0000,0.5849,0.5366
363.0000,500.0000,500.0000,0.5849,0.5366
364.0000,500.0000,500.0000,0.5849,0.5366
365.0000,500.0000,500.0000,0.1854,0.5370
366.0000,500.0000,500.0000,0.1854,0.5370
367.0000,500.0000,500.0000,0.1854,0.5370
368.0000,500.0000,500.0000,0.1854,0.5370
369.0000,303.0000,303.0000,0.1854,0.5370
370.0000,500.0000,500.0000,0.3662,0.5277
371.0000,500.0000,500.0000,0.3662,0.5277
372.0000,500.0000,500.0000,0.3662,0.5277
373.0000,500.0000,500.0000,0.3662,0.5277
374.0000,352.0000,352.0000,0.3662,0.5277
375.0000,500.0000,500.0000,0.1221,0.5218
376.0000,500.0000,500.0000,0.1221,0.5218
377.0000,500.0000,500.0000,0.1221,0.5218
378.0000,500.0000,500.0000,0.1221,0.5218
379.0000,500.0000,500.0000,0.1221,0.5218
380.0000,500.0000,500.0000,0.3739,0.5216
381.0000,500.0000,500.0000,0.3739,0.5216
382.0000,417.0000,417.0000,0.3739,0.5216
383.0000,500.0000,500.0000,0.3739,0.5216
384.0000,500.0000,500.0000,0.3739,0.5216
385.0000,500.0000,500.0000,0.4840,0.5256
386.0000,500.0000,500.0000,0.4840,0.5256
387.0000,500.0000,500.0000,0.4840,0.5256
388.0000,500.0000,500.0000,0.4840,0.5256
389.0000,500.0000,500.0000,0.4840,0.5256
390.0000,500.0000,500.0000,0.3996,0.5258
391.0000,500.0000,500.0000,0.3996,0.5258
392.0000,500.0000,500.0000,0.3996,0.5258
393.0000,500.0000,500.0000,0.3996,0.5258
394.0000,500.0000,500.0000,0.3996,0.5258
395.0000,500.0000,500.0000,0.2145,0.5288
396.0000,500.0000,500.0000,0.2145,0.5288
397.0000,500.0000,500.0000,0.2145,0.5288
398.0000,500.0000,500.0000,0.2145,0.5288
399.0000,500.0000,500.0000,0.2145,0.5288
400.0000,500.0000,500.0000,0.5924,0.5249
401.0000,500.0000,500.0000,0.5924,0.5249
402.0000,500.0000,500.0000,0.5924,0.5249
403.0000,500.0000,500.0000,0.5924,0.5249
404.0000,500.0000,500.0000,0.5924,0.5249
405.0000,500.0000,500.0000,-0.0306,0.5370
406.0000,474.0000,474.0000,-0.0306,0.5370
407.0000,409.0000,409.0000,-0.0306,0.5370
408.0000,254.0000,254.0000,-0.0306,0.5370
409.0000,335.0000,335.0000,-0.0306,0.5370
410.0000,353.0000,353.0000,0.3871,0.5393
411.0000,283.0000,283.0000,0.3871,0.5393
412.0000,500.0000,500.0000,0.3871,0.5393
413.0000,500.0000,500.0000,0.3871,0.5393
414.0000,347.0000,347.0000,0.3871,0.5393
415.0000,500.0000,500.0000,0.3728,0.5435
416.0000,500.0000,500.0000,0.3728,0.5435
417.0000,500.0000,500.0000,0.3728,0.5435
418.0000,466.0000,466.0000,0.3728,0.5435
419.0000,500.0000,500.0000,0.3728,0.5435
420.0000,500.0000,500.0000,0.3506,0.5482
421.0000,500.0000,500.0000,0.3506,0.5482
422.0000,500.0000,500.0000,0.3506,0.5482
423.0000,411.0000,411.0000,0.3506,0.5482
424.0000,500.0000,500.0000,0.3506,0.5482
425.0000,500.0000,500.0000,0.1862,0.5429
426.0000,500.0000,500.0000,0.1862,0.5429
427.0000,500.0000,500.0000,0.1862,0.5429
428.0000,500.0000,500.0000,0.1862,0.5429
429.0000,500.0000,500.0000,0.1862,0.5429
430.0000,500.0000,500.0000,0.4320,0.5417
431.0000,500.0000,500.0000,0.4320,0.5417
432.0000,500.0000,500.0000,0.4320,0.5417
433.0000,500.0000,500.0000,0.4320,0.5417
434.0000,500.0000,500.0000,0.4320,0.5417
435.0000,392.0000,392.0000,0.1322,0.5371
436.0000,500.0000,500.0000,0.1322,0.5371
437.0000,500.0000,500.0000,0.1322,0.5371
438.0000,500.0000,500.0000,0.1322,0.5371
439.0000,500.0000,500.0000,0.1322,0.5371
440.0000,500.0000,500.0000,0.4891,0.5323
441.0000,500.0000,500.0000,0.4891,0.5323
442.0000,500.0000,500.0000,0.4891,0.5323
443.0000,500.0000,500.0000,0.4891,0.5323
444.0000,500.0000,500.0000,0.4891,0.5323
445.0000,500.0000,500.0000,0.5918,0.5257
446.0000,500.0000,500.0000,0.5918,0.5257
447.0000,500.0000,500.0000,0.5918,0.5257
448.0000,500.0000,500.0000,0.5918,0.5257
449.0000,500.0000,500.0000,0.5918,0.5257
450.0000,500.0000,500.0000,0.2560,0.5267
451.0000,500.0000,500.0000,0.2560,0.5267
452.0000,500.0000,500.0000,0.2560,0.5267
453.0000,500.0000,500.0000,0.2560,0.5267
454.0000,500.0000,500.0000,0.2560,0.5267
455.0000,500.0000,500.0000,0.5187,0.5304
456.0000,500.0000,500.0000,0.5187,0.5304
457.0000,500.0000,500.0000,0.5187,0.5304
458.0000,500.0000,500.0000,0.5187,0.5304
459.0000,500.0000,500.0000,0.5187,0.5304
460.0000,500.0000,500.0000,0.1642,0.5363
461.0000,500.0000,500.0000,0.1642,0.5363
462.0000,317.0000,317.0000,0.1642,0.5363
463.0000,500.0000,500.0000,0.1642,0.5363
464.0000,500.0000,500.0000,0.1642,0.5363
465.0000,500.0000,500.0000,0.5969,0.5271
466.0000,500.0000,500.0000,0.5969,0.5271
467.0000,500.0000,500.0000,0.5969,0.5271
468.0000,500.0000,500.0000,0.5969,0.5271
469.0000,500.0000,500.0000,0.5969,0.5271
470.0000,500.0000,500.0000,0.5966,0.5272
471.0000,500.0000,500.0000,0.5966,0.5272
472.0000,500.0000,500.0000,0.5966,0.5272
473.0000,500.0000,500.0000,0.5966,0.5272
474.0000,500.0000,500.0000,0.5966,0.5272
475.0000,500.0000,500.0000,0.5217,0.5233
476.0000,500.0000,500.0000,0.5217,0.5233
477.0000,500.0000,500.0000,0.5217,0.5233
478.0000,500.0000,500.0000,0.5217,0.5233
479.0000,500.0000,500.0000,0.5217,0.5233
480.0000,500.0000,500.0000,0.2698,0.5263
481.0000,500.0000,500.0000,0.2698,0.5263
482.0000,500.0000,500.0000,0.2698,0.5263
483.0000,500.0000,500.0000,0.2698,0.5263
484.0000,500.0000,500.0000,0.2698,0.5263
485.0000,500.0000,500.0000,0.3906,0.5287
486.0000,500.0000,500.0000,0.3906,0.5287
487.0000,500.0000,500.0000,0.3906,0.5287
488.0000,500.0000,500.0000,0.3906,0.5287
489.0000,500.0000,500.0000,0.3906,0.5287
490.0000,500.0000,500.0000,0.3884,0.5261
491.0000,500.0000,500.0000,0.3884,0.5261
492.0000,314.0000,314.0000,0.3884,0.5261
493.0000,500.0000,500.0000,0.3884,0.5261
494.0000,500.0000,500.0000,0.3884,0.5261
495.0000,500.0000,500.0000,0.3638,0.5199
496.0000,500.0000,500.0000,0.3638,0.5199
497.0000,500.0000,500.0000,0.3638,0.5199
498.0000,500.0000,500.0000,0.3638,0.5199
499.0000,500.0000,500.0000,0.3638,0.5199
500.0000,500.0000,500.0000,0.2220,0.5292
501.0000,500.0000,500.0000,0.2220,0.5292
502.0000,500.0000,500.0000,0.2220,0.5292
503.0000,500.0000,500.0000,0.2220,0.5292
504.0000,500.0000,500.0000,0.2220,0.5292
505.0000,500.0000,500.0000,0.4756,0.5363
506.0000,500.0000,500.0000,0.4756,0.5363
507.0000,500.0000,500.0000,0.4756,0.5363
508.0000,500.0000,500.0000,0.4756,0.5363
509.0000,500.0000,500.0000,0.4756,0.5363
510.0000,500.0000,500.0000,0.0472,0.5473
511.0000,500.0000,500.0000,0.0472,0.5473
512.0000,500.0000,500.0000,0.0472,0.5473
513.0000,500.0000,500.0000,0.0472,0.5473
514.0000,500.0000,500.0000,0.0472,0.5473
515.0000,305.0000,305.0000,0.3360,0.5341
516.0000,500.0000,500.0000,0.3360,0.5341
517.0000,500.0000,500.0000,0.3360,0.5341
518.0000,500.0000,500.0000,0.3360,0.5341
519.0000,500.0000,500.0000,0.3360,0.5341
520.0000,500.0000,500.0000,0.8729,0.5170
521.0000,500.0000,500.0000,0.8729,0.5170
522.0000,500.0000,500.0000,0.8729,0.5170
523.0000,500.0000,500.0000,0.8729,0.5170
524.0000,500.0000,500.0000,0.8729,0.5170
525.0000,500.0000,500.0000,0.5944,0.5224
526.0000,500.0000,500.0000,0.5944,0.5224
527.0000,500.0000,500.0000,0.5944,0.5224
528.0000,500.0000,500.0000,0.5944,0.5224
529.0000,500.0000,500.0000,0.5944,0.5224
530.0000,500.0000,500.0000,0.1672,0.5142
531.0000,500.0000,500.0000,0.1672,0.5142
532.0000,500.0000,500.0000,0.1672,0.5142
533.0000,500.0000,500.0000,0.1672,0.5142
534.0000,500.0000,500.0000,0.1672,0.5142
535.0000,500.0000,500.0000,0.4084,0.5176
536.0000,500.0000,500.0000,0.4084,0.5176
537.0000,500.0000,500.0000,0.4084,0.5176
538.0000,500.0000,500.0000,0.4084,0.5176
539.0000,500.0000,500.0000,0.4084,0.5176
540.0000,500.0000,500.0000,0.2548,0.5182
541.0000,500.0000,500.0000,0.2548,0.5182
542.0000,500.0000,500.0000,0.2548,0.5182
543.0000,500.0000,500.0000,0.2548,0.5182
544.0000,500.0000,500.0000,0.2548,0.5182
545.0000,500.0000,500.0000,0.0373,0.5220
546.0000,500.0000,500.0000,0.0373,0.5220
547.0000,500.0000,500.0000,0.0373,0.5220
548.0000,500.0000,500.0000,0.0373,0.5220
549.0000,500.0000,500.0000,0.0373,0.5220
550.0000,500.0000,500.0000,0.2819,0.5346
551.0000,227.0000,227.0000,0.2819,0.5346
552.0000,500.0000,500.0000,0.2819,0.5346
553.0000,500.0000,500.0000,0.2819,0.5346
554.0000,500.0000,500.0000,0.2819,0.5346
555.0000,500.0000,500.0000,0.7753,0.5256
556.0000,500.0000,500.0000,0.7753,0.5256
557.0000,500.0000,500.0000,0.7753,0.5256
558.0000,500.0000,500.0000,0.7753,0.5256
559.0000,500.0000,500.0000,0.7753,0.5256
560.0000,500.0000,500.0000,0.6805,0.5283
561.0000,500.0000,500.0000,0.6805,0.5283
562.0000,500.0000,500.0000,0.6805,0.5283
563.0000,500.0000,500.0000,0.6805,0.5283
564.0000,500.0000,500.0000,0.6805,0.5283
565.0000,500.0000,500.0000,0.1061,0.5292
566.0000,500.0000,500.0000,0.1061,0.5292
567.0000,500.0000,500.0000,0.1061,0.5292
568.0000,500.0000,500.0000,0.1061,0.5292
569.0000,500.0000,500.0000,0.1061,0.5292
570.0000,500.0000,500.0000,0.2685,0.5434
571.0000,500.0000,500.0000,0.2685,0.5434
572.0000,500.0000,500.0000,0.2685,0.5434
573.0000,500.0000,500.0000,0.2685,0.5434
574.0000,500.0000,500.0000,0.2685,0.5434
575.0000,500.0000,500.0000,0.4097,0.5622
576.0000,500.0000,500.0000,0.4097,0.5622
577.0000,500.0000,500.0000,0.4097,0.5622
578.0000,500.0000,500.0000,0.4097,0.5622
579.0000,500.0000,500.0000,0.4097,0.5622
580.0000,500.0000,500.0000,0.8605,0.5605
581.0000,500.0000,500.0000,0.8605,0.5605
582.0000,500.0000,500.0000,0.8605,0.5605
583.0000,500.0000,500.0000,0.8605,0.5605
584.0000,500.0000,500.0000,0.8605,0.5605
585.0000,500.0000,500.0000,0.3046,0.5616
586.0000,500.0000,500.0000,0.3046,0.5616
587.0000,500.0000,500.0000,0.3046,0.5616
588.0000,500.0000,500.0000,0.3046,0.5616
589.0000,500.0000,500.0000,0.3046,0.5616
590.0000,500.0000,500.0000,0.5004,0.5507
591.0000,500.0000,500.0000,0.5004,0.5507
592.0000,500.0000,500.0000,0.5004,0.5507
593.0000,500.0000,500.0000,0.5004,0.5507
594.0000,500.0000,500.0000,0.5004,0.5507
595.0000,500.0000,500.0000,0.6232,0.5602
596.0000,500.0000,500.0000,0.6232,0.5602
597.0000,500.0000,500.0000,0.6232,0.5602
598.0000,500.0000,500.0000,0.6232,0.5602
599.0000,500.0000,500.0000,0.6232,0.5602
600.0000,500.0000,500.0000,0.4263,0.5723
601.0000,500.0000,500.0000,0.4263,0.5723
602.0000,500.0000,500.0000,0.4263,0.5723
603.0000,500.0000,500.0000,0.4263,0.5723
604.0000,500.0000,500.0000,0.4263,0.5723
605.0000,500.0000,500.0000,0.6101,0.5558
606.0000,500.0000,500.0000,0.6101,0.5558
607.0000,500.0000,500.0000,0.6101,0.5558
608.0000,500.0000,500.0000,0.6101,0.5558
609.0000,500.0000,500.0000,0.6101,0.5558
610.0000,500.0000,500.0000,0.4887,0.5506
611.0000,500.0000,500.0000,0.4887,0.5506
612.0000,500.0000,500.0000,0.4887,0.5506
613.0000,500.0000,500.0000,0.4887,0.5506
614.0000,500.0000,500.0000,0.4887,0.5506
615.0000,500.0000,500.0000,0.3017,0.5554
616.0000,500.0000,500.0000,0.3017,0.5554
617.0000,500.0000,500.0000,0.3017,0.5554
618.0000,500.0000,500.0000,0.3017,0.5554
619.0000,500.0000,500.0000,0.3017,0.5554
620.0000,500.0000,500.0000,0.2932,0.5529
621.0000,500.0000,500.0000,0.2932,0.5529
622.0000,500.0000,500.0000,0.2932,0.5529
623.0000,500.0000,500.0000,0.2932,0.5529
624.0000,500.0000,500.0000,0.2932,0.5529
625.0000,500.0000,500.0000,0.4278,0.5622
626.0000,500.0000,500.0000,0.4278,0.5622
627.0000,500.0000,500.0000,0.4278,0.5622
628.0000,500.0000,500.0000,0.4278,0.5622
629.0000,500.0000,500.0000,0.4278,0.5622
630.0000,500.0000,500.0000,0.5944,0.5567
631.0000,500.0000,500.0000,0.5944,0.5567
632.0000,500.0000,500.0000,0.5944,0.5567
633.0000,500.0000,500.0000,0.5944,0.5567
634.0000,500.0000,500.0000,0.5944,0.5567
635.0000,500.0000,500.0000,0.4390,0.5646
636.0000,500.0000,500.0000,0.4390,0.5646
637.0000,500.0000,500.0000,0.4390,0.5646
638.0000,500.0000,500.0000,0.4390,0.5646
639.0000,500.0000,500.0000,0.4390,0.5646
640.0000,500.0000,500.0000,0.1999,0.5717
641.0000,500.0000,500.0000,0.1999,0.5717
642.0000,500.0000,500.0000,0.1999,0.5717
643.0000,105.0000,105.0000,0.1999,0.5717
644.0000,500.0000,500.0000,0.1999,0.5717
645.0000,500.0000,500.0000,0.4167,0.5697
646.0000,500.0000,500.0000,0.4167,0.5697
647.0000,186.0000,186.0000,0.4167,0.5697
648.0000,310.0000,310.0000,0.4167,0.5697
649.0000,500.0000,500.0000,0.4167,0.5697
650.0000,500.0000,500.0000,0.3355,0.5639
651.0000,500.0000,500.0000,0.3355,0.5639
652.0000,500.0000,500.0000,0.3355,0.5639
653.0000,500.0000,500.0000,0.3355,0.5639
654.0000,500.0000,500.0000,0.3355,0.5639
655.0000,500.0000,500.0000,0.3234,0.5637
656.0000,500.0000,500.0000,0.3234,0.5637
657.0000,500.0000,500.0000,0.3234,0.5637
658.0000,500.0000,500.0000,0.3234,0.5637
659.0000,500.0000,500.0000,0.3234,0.5637
660.0000,500.0000,500.0000,0.5094,0.5690
661.0000,500.0000,500.0000,0.5094,0.5690
662.0000,500.0000,500.0000,0.5094,0.5690
663.0000,500.0000,500.0000,0.5094,0.5690
664.0000,500.0000,500.0000,0.5094,0.5690
665.0000,500.0000,500.0000,0.0558,0.5762
666.0000,500.0000,500.0000,0.0558,0.5762
667.0000,500.0000,500.0000,0.0558,0.5762
668.0000,385.0000,385.0000,0.0558,0.5762
669.0000,500.0000,500.0000,0.0558,0.5762
670.0000,500.0000,500.0000,0.3502,0.5778
671.0000,500.0000,500.0000,0.3502,0.5778
672.0000,500.0000,500.0000,0.3502,0.5778
673.0000,177.0000,177.0000,0.3502,0.5778
674.0000,500.0000,500.0000,0.3502,0.5778
675.0000,172.0000,172.0000,0.5145,0.5719
676.0000,500.0000,500.0000,0.5145,0.5719
677.0000,500.0000,500.0000,0.5145,0.5719
678.0000,95.0000,95.0000,0.5145,0.5719
679.0000,500.0000,500.0000,0.5145,0.5719
680.0000,132.0000,132.0000,0.5162,0.5709
681.0000,500.0000,500.0000,0.5162,0.5709
682.0000,500.0000,500.0000,0.5162,0.5709
683.0000,500.0000,500.0000,0.5162,0.5709
684.0000,372.0000,372.0000,0.5162,0.5709
685.0000,500.0000,500.0000,0.4508,0.5485
686.0000,500.0000,500.0000,0.4508,0.5485
687.0000,459.0000,459.0000,0.4508,0.5485
688.0000,500.0000,500.0000,0.4508,0.5485
689.0000,500.0000,500.0000,0.4508,0.5485
690.0000,500.0000,500.0000,-0.0165,0.5703
691.0000,500.0000,500.0000,-0.0165,0.5703
692.0000,500.0000,500.0000,-0.0165,0.5703
693.0000,500.0000,500.0000,-0.0165,0.5703
694.0000,500.0000,500.0000,-0.0165,0.5703
695.0000,500.0000,500.0000,0.4401,0.5680
696.0000,500.0000,500.0000,0.4401,0.5680
697.0000,334.0000,334.0000,0.4401,0.5680
698.0000,500.0000,500.0000,0.4401,0.5680
699.0000,500.0000,500.0000,0.4401,0.5680
700.0000,500.0000,500.0000,0.1332,0.5655
701.0000,56.0000,56.0000,0.1332,0.5655
702.0000,500.0000,500.0000,0.1332,0.5655
703.0000,500.0000,500.0000,0.1332,0.5655
704.0000,500.0000,500.0000,0.1332,0.5655
705.0000,500.0000,500.0000,0.2656,0.5524
706.0000,500.0000,500.0000,0.2656,0.5524
707.0000,500.0000,500.0000,0.2656,0.5524
708.0000,500.0000,500.0000,0.2656,0.5524
709.0000,500.0000,500.0000,0.2656,0.5524
710.0000,500.0000,500.0000,0.2484,0.5651
711.0000,500.0000,500.0000,0.2484,0.5651
712.0000,411.0000,411.0000,0.2484,0.5651
713.0000,500.0000,500.0000,0.2484,0.5651
714.0000,500.0000,500.0000,0.2484,0.5651
715.0000,500.0000,500.0000,0.2701,0.5557
716.0000,500.0000,500.0000,0.2701,0.5557
717.0000,500.0000,500.0000,0.2701,0.5557
718.0000,500.0000,500.0000,0.2701,0.5557
719.0000,500.0000,500.0000,0.2701,0.5557
720.0000,500.0000,500.0000,-0.0182,0.5649
721.0000,500.0000,500.0000,-0.0182,0.5649
722.0000,500.0000,500.0000,-0.0182,0.5649
723.0000,500.0000,500.0000,-0.0182,0.5649
724.0000,500.0000,500.0000,-0.0182,0.5649
725.0000,500.0000,500.0000,0.7814,0.5576
726.0000,500.0000,500.0000,0.7814,0.5576
727.0000,500.0000,500.0000,0.7814,0.5576
728.0000,500.0000,500.0000,0.7814,0.5576
729.0000,500.0000,500.0000,0.7814,0.5576
730.0000,500.0000,500.0000,0.1026,0.5595
731.0000,500.0000,500.0000,0.1026,0.5595
732.0000,500.0000,500.0000,0.1026,0.5595
733.0000,500.0000,500.0000,0.1026,0.5595
734.0000,500.0000,500.0000,0.1026,0.5595
735.0000,500.0000,500.0000,0.3917,0.5517
736.0000,500.0000,500.0000,0.3917,0.5517
737.0000,500.0000,500.0000,0.3917,0.5517
738.0000,500.0000,500.0000,0.3917,0.5517
739.0000,500.0000,500.0000,0.3917,0.5517
740.0000,500.0000,500.0000,0.6993,0.5659
741.0000,500.0000,500.0000,0.6993,0.5659
742.0000,500.0000,500.0000,0.6993,0.5659
743.0000,500.0000,500.0000,0.6993,0.5659
744.0000,500.0000,500.0000,0.6993,0.5659
745.0000,500.0000,500.0000,0.0701,0.5602
746.0000,500.0000,500.0000,0.0701,0.5602
747.0000,500.0000,500.0000,0.0701,0.5602
748.0000,395.0000,395.0000,0.0701,0.5602
749.0000,500.0000,500.0000,0.0701,0.5602
750.0000,500.0000,500.0000,0.5235,0.5469
751.0000,500.0000,500.0000,0.5235,0.5469
752.0000,500.0000,500.0000,0.5235,0.5469
753.0000,500.0000,500.0000,0.5235,0.5469
754.0000,500.0000,500.0000,0.5235,0.5469
755.0000,500.0000,500.0000,0.5403,0.5608
756.0000,500.0000,500.0000,0.5403,0.5608
757.0000,500.0000,500.0000,0.5403,0.5608
758.0000,500.0000,500.0000,0.5403,0.5608
759.0000,500.0000,500.0000,0.5403,0.5608
760.0000,500.0000,500.0000,0.0353,0.5702
761.0000,500.0000,500.0000,0.0353,0.5702
762.0000,500.0000,500.0000,0.0353,0.5702
763.0000,500.0000,500.0000,0.0353,0.5702
764.0000,500.0000,500.0000,0.0353,0.5702
765.0000,500.0000,500.0000,0.7098,0.5659
766.0000,500.0000,500.0000,0.7098,0.5659
767.0000,500.0000,500.0000,0.7098,0.5659
768.0000,500.0000,500.0000,0.7098,0.5659
769.0000,500.0000,500.0000,0.7098,0.5659
770.0000,500.0000,500.0000,0.6021,0.5726
771.0000,500.0000,500.0000,0.6021,0.5726
772.0000,500.0000,500.0000,0.6021,0.5726
773.0000,500.0000,500.0000,0.6021,0.5726
774.0000,500.0000,500.0000,0.6021,0.5726
775.0000,500.0000,500.0000,0.5005,0.5665
776.0000,500.0000,500.0000,0.5005,0.5665
777.0000,500.0000,500.0000,0.5005,0.5665
778.0000,500.0000,500.0000,0.5005,0.5665
779.0000,500.0000,500.0000,0.5005,0.5665
780.0000,500.0000,500.0000,0.2692,0.5654
781.0000,500.0000,500.0000,0.2692,0.5654
782.0000,500.0000,500.0000,0.2692,0.5654
783.0000,500.0000,500.0000,0.2692,0.5654
784.0000,500.0000,500.0000,0.2692,0.5654
785.0000,500.0000,500.0000,0.0562,0.5733
786.0000,500.0000,500.0000,0.0562,0.5733
787.0000,500.0000,500.0000,0.0562,0.5733
788.0000,500.0000,500.0000,0.0562,0.5733
789.0000,500.0000,500.0000,0.0562,0.5733
790.0000,500.0000,500.0000,0.1780,0.5686
791.0000,500.0000,500.0000,0.1780,0.5686
792.0000,500.0000,500.0000,0.1780,0.5686
793.0000,500.0000,500.0000,0.1780,0.5686
794.0000,500.0000,500.0000,0.1780,0.5686
795.0000,500.0000,500.0000,0.8170,0.5675
796.0000,500.0000,500.0000,0.8170,0.5675
797.0000,500.0000,500.0000,0.8170,0.5675
798.0000,500.0000,500.0000,0.8170,0.5675
799.0000,500.0000,500.0000,0.8170,0.5675
800.0000,500.0000,500.0000,0.1269,0.5728
801.0000,500.0000,500.0000,0.1269,0.5728
802.0000,236.0000,236.0000,0.1269,0.5728
803.0000,500.0000,500.0000,0.1269,0.5728
804.0000,500.0000,500.0000,0.1269,0.5728
805.0000,500.0000,500.0000,0.5266,0.5582
806.0000,500.0000,500.0000,0.5266,0.5582
807.0000,500.0000,500.0000,0.5266,0.5582
808.0000,500.0000,500.0000,0.5266,0.5582
809.0000,500.0000,500.0000,0.5266,0.5582
810.0000,500.0000,500.0000,0.3371,0.5528
811.0000,500.0000,500.0000,0.3371,0.5528
812.0000,500.0000,500.0000,0.3371,0.5528
813.0000,500.0000,500.0000,0.3371,0.5528
814.0000,500.0000,500.0000,0.3371,0.5528
815.0000,500.0000,500.0000,-0.0029,0.5444
816.0000,500.0000,500.0000,-0.0029,0.5444
817.0000,500.0000,500.0000,-0.0029,0.5444
818.0000,500.0000,500.0000,-0.0029,0.5444
819.0000,500.0000,500.0000,-0.0029,0.5444
820.0000,500.0000,500.0000,0.5539,0.5505
821.0000,500.0000,500.0000,0.5539,0.5505
822.0000,500.0000,500.0000,0.5539,0.5505
823.0000,500.0000,500.0000,0.5539,0.5505
824.0000,500.0000,500.0000,0.5539,0.5505
825.0000,500.0000,500.0000,0.3123,0.5548
826.0000,500.0000,500.0000,0.3123,0.5548
827.0000,500.0000,500.0000,0.3123,0.5548
828.0000,500.0000,500.0000,0.3123,0.5548
829.0000,500.0000,500.0000,0.3123,0.5548
830.0000,500.0000,500.0000,0.5352,0.5553
831.0000,500.0000,500.0000,0.5352,0.5553
832.0000,500.0000,500.0000,0.5352,0.5553
833.0000,500.0000,500.0000,0.5352,0.5553
834.0000,500.0000,500.0000,0.5352,0.5553
835.0000,500.0000,500.0000,0.1636,0.5518
836.0000,500.0000,500.0000,0.1636,0.5518
837.0000,500.0000,500.0000,0.1636,0.5518
838.0000,500.0000,500.0000,0.1636,0.5518
839.0000,500.0000,500.0000,0.1636,0.5518
840.0000,500.0000,500.0000,0.7003,0.5444
841.0000,500.0000,500.0000,0.7003,0.5444
842.0000,500.0000,500.0000,0.7003,0.5444
843.0000,500.0000,500.0000,0.7003,0.5444
844.0000,500.0000,500.0000,0.7003,0.5444
845.0000,500.0000,500.0000,0.2241,0.5415
846.0000,500.0000,500.0000,0.2241,0.5415
847.0000,500.0000,500.0000,0.2241,0.5415
848.0000,500.0000,500.0000,0.2241,0.5415
849.0000,500.0000,500.0000,0.2241,0.5415
850.0000,500.0000,500.0000,-0.0055,0.5468
851.0000,500.0000,500.0000,-0.0055,0.5468
852.0000,500.0000,500.0000,-0.0055,0.5468
853.0000,500.0000,500.0000,-0.0055,0.5468
854.0000,500.0000,500.0000,-0.0055,0.5468
855.0000,500.0000,500.0000,0.3164,0.5400
856.0000,500.0000,500.0000,0.3164,0.5400
857.0000,500.0000,500.0000,0.3164,0.5400
858.0000,500.0000,500.0000,0.3164,0.5400
859.0000,500.0000,500.0000,0.3164,0.5400
860.0000,500.0000,500.0000,0.7864,0.5400
861.0000,500.0000,500.0000,0.7864,0.5400
862.0000,500.0000,500.0000,0.7864,0.5400
863.0000,500.0000,500.0000,0.7864,0.5400
864.0000,500.0000,500.0000,0.7864,0.5400
865.0000,500.0000,500.0000,0.6766,0.5253
866.0000,500.0000,500.0000,0.6766,0.5253
867.0000,500.0000,500.0000,0.6766,0.5253
868.0000,500.0000,500.0000,0.6766,0.5253
869.0000,500.0000,500.0000,0.6766,0.5253
870.0000,500.0000,500.0000,-0.0179,0.5321
871.0000,500.0000,500.0000,-0.0179,0.5321
872.0000,500.0000,500.0000,-0.0179,0.5321
873.0000,500.0000,500.0000,-0.0179,0.5321
874.0000,500.0000,500.0000,-0.0179,0.5321
875.0000,500.0000,500.0000,0.0740,0.5259
876.0000,500.0000,500.0000,0.0740,0.5259
877.0000,500.0000,500.0000,0.0740,0.5259
878.0000,500.0000,500.0000,0.0740,0.5259
879.0000,500.0000,500.0000,0.0740,0.5259
880.0000,500.0000,500.0000,0.5368,0.5236
881.0000,500.0000,500.0000,0.5368,0.5236
882.0000,500.0000,500.0000,0.5368,0.5236
883.0000,500.0000,500.0000,0.5368,0.5236
884.0000,500.0000,500.0000,0.5368,0.5236
885.0000,500.0000,500.0000,0.7526,0.5466
886.0000,500.0000,500.0000,0.7526,0.5466
887.0000,500.0000,500.0000,0.7526,0.5466
888.0000,500.0000,500.0000,0.7526,0.5466
889.0000,500.0000,500.0000,0.7526,0.5466
890.0000,500.0000,500.0000,0.4626,0.5435
891.0000,500.0000,500.0000,0.4626,0.5435
892.0000,500.0000,500.0000,0.4626,0.5435
893.0000,500.0000,500.0000,0.4626,0.5435
894.0000,500.0000,500.0000,0.4626,0.5435
895.0000,500.0000,500.0000,0.3904,0.5469
896.0000,500.0000,500.0000,0.3904,0.5469
897.0000,500.0000,500.0000,0.3904,0.5469
898.0000,500.0000,500.0000,0.3904,0.5469
899.0000,500.0000,500.0000,0.3904,0.5469
900.0000,500.0000,500.0000,0.0061,0.5441
901.0000,500.0000,500.0000,0.0061,0.5441
902.0000,500.0000,500.0000,0.0061,0.5441
903.0000,500.0000,500.0000,0.0061,0.5441
904.0000,500.0000,500.0000,0.0061,0.5441
905.0000,500.0000,500.0000,0.1401,0.5387
906.0000,500.0000,500.0000,0.1401,0.5387
907.0000,500.0000,500.0000,0.1401,0.5387
908.0000,500.0000,500.0000,0.1401,0.5387
909.0000,500.0000,500.0000,0.1401,0.5387
910.0000,500.0000,500.0000,0.6107,0.5433
911.0000,500.0000,500.0000,0.6107,0.5433
912.0000,500.0000,500.0000,0.6107,0.5433
913.0000,500.0000,500.0000,0.6107,0.5433
914.0000,500.0000,500.0000,0.6107,0.5433
915.0000,500.0000,500.0000,0.3175,0.5410
916.0000,500.0000,500.0000,0.3175,0.5410
917.0000,500.0000,500.0000,0.3175,0.5410
918.0000,500.0000,500.0000,0.3175,0.5410
919.0000,500.0000,500.0000,0.3175,0.5410
920.0000,500.0000,500.0000,0.1144,0.5544
921.0000,500.0000,500.0000,0.1144,0.5544
922.0000,500.0000,500.0000,0.1144,0.5544
923.0000,500.0000,500.0000,0.1144,0.5544
924.0000,500.0000,500.0000,0.1144,0.5544
925.0000,500.0000,500.0000,0.3920,0.5487
926.0000,500.0000,500.0000,0.3920,0.5487
927.0000,500.0000,500.0000,0.3920,0.5487
928.0000,500.0000,500.0000,0.3920,0.5487
929.0000,500.0000,500.0000,0.3920,0.5487
930.0000,500.0000,500.0000,0.1628,0.5410
931.0000,500.0000,500.0000,0.1628,0.5410
932.0000,500.0000,500.0000,0.1628,0.5410
933.0000,500.0000,500.0000,0.1628,0.5410
934.0000,500.0000,500.0000,0.1628,0.5410
935.0000,500.0000,500.0000,0.2649,0.5461
936.0000,500.0000,500.0000,0.2649,0.5461
937.0000,500.0000,500.0000,0.2649,0.5461
938.0000,500.0000,500.0000,0.2649,0.5461
939.0000,500.0000,500.0000,0.2649,0.5461
940.0000,500.0000,500.0000,0.3035,0.5408
941.0000,500.0000,500.0000,0.3035,0.5408
942.0000,500.0000,500.0000,0.3035,0.5408
943.0000,500.0000,500.0000,0.3035,0.5408
944.0000,500.0000,500.0000,0.3035,0.5408
945.0000,500.0000,500.0000,0.3050,0.5367
946.0000,500.0000,500.0000,0.3050,0.5367
947.0000,500.0000,500.0000,0.3050,0.5367
948.0000,500.0000,500.0000,0.3050,0.5367
949.0000,500.0000,500.0000,0.3050,0.5367
950.0000,500.0000,500.0000,0.4292,0.5412
951.0000,500.0000,500.0000,0.4292,0.5412
952.0000,500.0000,500.0000,0.4292,0.5412
953.0000,500.0000,500.0000,0.4292,0.5412
954.0000,500.0000,500.0000,0.4292,0.5412
955.0000,500.0000,500.0000,0.3384,0.5491
956.0000,500.0000,500.0000,0.3384,0.5491
957.0000,500.0000,500.0000,0.3384,0.5491
958.0000,500.0000,500.0000,0.3384,0.5491
959.0000,500.0000,500.0000,0.3384,0.5491
960.0000,500.0000,500.0000,0.2371,0.5406
961.0000,500.0000,500.0000,0.2371,0.5406
962.0000,500.0000,500.0000,0.2371,0.5406
963.0000,500.0000,500.0000,0.2371,0.5406
964.0000,500.0000,500.0000,0.2371,0.5406
965.0000,500.0000,500.0000,0.3174,0.5461
966.0000,412.0000,412.0000,0.3174,0.5461
967.0000,500.0000,500.0000,0.3174,0.5461
968.0000,361.0000,361.0000,0.3174,0.5461
969.0000,298.0000,298.0000,0.3174,0.5461
970.0000,370.0000,370.0000,0.3544,0.5384
971.0000,400.0000,400.0000,0.3544,0.5384
972.0000,500.0000,500.0000,0.3544,0.5384
973.0000,500.0000,500.0000,0.3544,0.5384
974.0000,500.0000,500.0000,0.3544,0.5384
975.0000,500.0000,500.0000,0.2906,0.5424
976.0000,500.0000,500.0000,0.2906,0.5424
977.0000,500.0000,500.0000,0.2906,0.5424
978.0000,500.0000,500.0000,0.2906,0.5424
979.0000,500.0000,500.0000,0.2906,0.5424
980.0000,500.0000,500.0000,0.4188,0.5445
981.0000,345.0000,345.0000,0.4188,0.5445
982.0000,500.0000,500.0000,0.4188,0.5445
983.0000,500.0000,500.0000,0.4188,0.5445
984.0000,500.0000,500.0000,0.4188,0.5445
985.0000,500.0000,500.0000,0.3352,0.5458
986.0000,500.0000,500.0000,0.3352,0.5458
987.0000,500.0000,500.0000,0.3352,0.5458
988.0000,500.0000,500.0000,0.3352,0.5458
989.0000,500.0000,500.0000,0.3352,0.5458
990.0000,500.0000,500.0000,0.1511,0.5333
991.0000,421.0000,421.0000,0.1511,0.5333
992.0000,500.0000,500.0000,0.1511,0.5333
993.0000,500.0000,500.0000,0.1511,0.5333
994.0000,500.0000,500.0000,0.1511,0.5333
995.0000,500.0000,500.0000,0.1577,0.5352
996.0000,383.0000,383.0000,0.1577,0.5352
997.0000,500.0000,500.0000,0.1577,0.5352
998.0000,500.0000,500.0000,0.1577,0.5352
999.0000,500.0000,500.0000,0.1577,0.5352
1000.0000,500.0000,500.0000,0.4129,0.5348
1001.0000,500.0000,500.0000,0.4129,0.5348
1002.0000,500.0000,500.0000,0.4129,0.5348
1003.0000,500.0000,500.0000,0.4129,0.5348
1004.0000,500.0000,500.0000,0.4129,0.5348
1005.0000,500.0000,500.0000,0.2923,0.5352
1006.0000,408.0000,408.0000,0.2923,0.5352
1007.0000,500.0000,500.0000,0.2923,0.5352
1008.0000,500.0000,500.0000,0.2923,0.5352
1009.0000,500.0000,500.0000,0.2923,0.5352
1010.0000,500.0000,500.0000,0.0894,0.5367
1011.0000,500.0000,500.0000,0.0894,0.5367
1012.0000,500.0000,500.0000,0.0894,0.5367
1013.0000,500.0000,500.0000,0.0894,0.5367
1014.0000,500.0000,500.0000,0.0894,0.5367
1015.0000,500.0000,500.0000,0.1676,0.5348
1016.0000,498.0000,498.0000,0.1676,0.5348
1017.0000,500.0000,500.0000,0.1676,0.5348
1018.0000,500.0000,500.0000,0.1676,0.5348
1019.0000,500.0000,500.0000,0.1676,0.5348
1020.0000,455.0000,455.0000,0.2668,0.5354
1021.0000,500.0000,500.0000,0.2668,0.5354
1022.0000,500.0000,500.0000,0.2668,0.5354
1023.0000,500.0000,500.0000,0.2668,0.5354
1024.0000,500.0000,500.0000,0.2668,0.5354
1025.0000,500.0000,500.0000,0.4834,0.5333
1026.0000,500.0000,500.0000,0.4834,0.5333
1027.0000,411.0000,411.0000,0.4834,0.5333
1028.0000,500.0000,500.0000,0.4834,0.5333
1029.0000,500.0000,500.0000,0.4834,0.5333
1030.0000,409.0000,409.0000,0.0064,0.5298
1031.0000,500.0000,500.0000,0.0064,0.5298
1032.0000,500.0000,500.0000,0.0064,0.5298
1033.0000,500.0000,500.0000,0.0064,0.5298
1034.0000,500.0000,500.0000,0.0064,0.5298
1035.0000,500.0000,500.0000,0.2896,0.5299
1036.0000,500.0000,500.0000,0.2896,0.5299
1037.0000,500.0000,500.0000,0.2896,0.5299
1038.0000,500.0000,500.0000,0.2896,0.5299
1039.0000,500.0000,500.0000,0.2896,0.5299
1040.0000,500.0000,500.0000,0.3557,0.5324
1041.0000,500.0000,500.0000,0.3557,0.5324
1042.0000,500.0000,500.0000,0.3557,0.5324
1043.0000,500.0000,500.0000,0.3557,0.5324
1044.0000,500.0000,500.0000,0.3557,0.5324
1045.0000,500.0000,500.0000,0.0766,0.5405
1046.0000,500.0000,500.0000,0.0766,0.5405
1047.0000,500.0000,500.0000,0.0766,0.5405
1048.0000,500.0000,500.0000,0.0766,0.5405
1049.0000,500.0000,500.0000,0.0766,0.5405
1050.0000,500.0000,500.0000,0.2927,0.5340
1051.0000,500.0000,500.0000,0.2927,0.5340
1052.0000,500.0000,500.0000,0.2927,0.5340
1053.0000,458.0000,458.0000,0.2927,0.5340
1054.0000,500.0000,500.0000,0.2927,0.5340
1055.0000,500.0000,500.0000,0.0651,0.5320
1056.0000,500.0000,500.0000,0.0651,0.5320
1057.0000,500.0000,500.0000,0.0651,0.5320
1058.0000,500.0000,500.0000,0.0651,0.5320
1059.0000,500.0000,500.0000,0.0651,0.5320
1060.0000,500.0000,500.0000,0.2810,0.5337
1061.0000,500.0000,500.0000,0.2810,0.5337
1062.0000,500.0000,500.0000,0.2810,0.5337
1063.0000,500.0000,500.0000,0.2810,0.5337
1064.0000,500.0000,500.0000,0.2810,0.5337
1065.0000,500.0000,500.0000,0.1983,0.5391
1066.0000,500.0000,500.0000,0.1983,0.5391
1067.0000,500.0000,500.0000,0.1983,0.5391
1068.0000,500.0000,500.0000,0.1983,0.5391
1069.0000,500.0000,500.0000,0.1983,0.5391
1070.0000,500.0000,500.0000,0.2491,0.5401
1071.0000,500.0000,500.0000,0.2491,0.5401
1072.0000,500.0000,500.0000,0.2491,0.5401
1073.0000,500.0000,500.0000,0.2491,0.5401
1074.0000,500.0000,500.0000,0.2491,0.5401
1075.0000,500.0000,500.0000,0.4087,0.5313
1076.0000,500.0000,500.0000,0.4087,0.5313
1077.0000,500.0000,500.0000,0.4087,0.5313
1078.0000,500.0000,500.0000,0.4087,0.5313
1079.0000,500.0000,500.0000,0.4087,0.5313
1080.0000,500.0000,500.0000,-0.0568,0.5350
1081.0000,500.0000,500.0000,-0.0568,0.5350
1082.0000,500.0000,500.0000,-0.0568,0.5350
1083.0000,500.0000,500.0000,-0.0568,0.5350
1084.0000,500.0000,500.0000,-0.0568,0.5350
1085.0000,500.0000,500.0000,0.1588,0.5370
1086.0000,500.0000,500.0000,0.1588,0.5370
1087.0000,500.0000,500.0000,0.1588,0.5370
1088.0000,500.0000,500.0000,0.1588,0.5370
1089.0000,500.0000,500.0000,0.1588,0.5370
1090.0000,500.0000,500.0000,0.2843,0.5321
1091.0000,500.0000,500.0000,0.2843,0.5321
1092.0000,500.0000,500.0000,0.2843,0.5321
1093.0000,500.0000,500.0000,0.2843,0.5321
1094.0000,500.0000,500.0000,0.2843,0.5321
1095.0000,500.0000,500.0000,0.5419,0.5346
1096.0000,500.0000,500.0000,0.5419,0.5346
1097.0000,500.0000,500.0000,0.5419,0.5346
1098.0000,500.0000,500.0000,0.5419,0.5346
1099.0000,500.0000,500.0000,0.5419,0.5346
1100.0000,500.0000,500.0000,0.6722,0.5358
1101.0000,500.0000,500.0000,0.6722,0.5358
1102.0000,500.0000,500.0000,0.6722,0.5358
1103.0000,500.0000,500.0000,0.6722,0.5358
1104.0000,500.0000,500.0000,0.6722,0.5358
1105.0000,500.0000,500.0000,0.1178,0.5393
1106.0000,500.0000,500.0000,0.1178,0.5393
1107.0000,500.0000,500.0000,0.1178,0.5393
1108.0000,500.0000,500.0000,0.1178,0.5393
1109.0000,500.0000,500.0000,0.1178,0.5393
1110.0000,500.0000,500.0000,0.2663,0.5321
1111.0000,500.0000,500.0000,0.2663,0.5321
1112.0000,500.0000,500.0000,0.2663,0.5321
1113.0000,500.0000,500.0000,0.2663,0.5321
1114.0000,500.0000,500.0000,0.2663,0.5321
1115.0000,500.0000,500.0000,0.5236,0.5209
1116.0000,500.0000,500.0000,0.5236,0.5209
1117.0000,500.0000,500.0000,0.5236,0.5209
1118.0000,500.0000,500.0000,0.5236,0.5209
1119.0000,500.0000,500.0000,0.5236,0.5209
1120.0000,500.0000,500.0000,0.6181,0.5221
1121.0000,500.0000,500.0000,0.6181,0.5221
1122.0000,500.0000,500.0000,0.6181,0.5221
1123.0000,500.0000,500.0000,0.6181,0.5221
1124.0000,500.0000,500.0000,0.6181,0.5221
1125.0000,500.0000,500.0000,0.0723,0.5380
1126.0000,500.0000,500.0000,0.0723,0.5380
1127.0000,500.0000,500.0000,0.0723,0.5380
1128.0000,500.0000,500.0000,0.0723,0.5380
1129.0000,500.0000,500.0000,0.0723,0.5380
1130.0000,500.0000,500.0000,0.1366,0.5320
1131.0000,500.0000,500.0000,0.1366,0.5320
1132.0000,500.0000,500.0000,0.1366,0.5320
1133.0000,500.0000,500.0000,0.1366,0.5320
1134.0000,500.0000,500.0000,0.1366,0.5320
1135.0000,500.0000,500.0000,0.2621,0.5240
1136.0000,500.0000,500.0000,0.2621,0.5240
1137.0000,500.0000,500.0000,0.2621,0.5240
1138.0000,500.0000,500.0000,0.2621,0.5240
1139.0000,500.0000,500.0000,0.2621,0.5240
1140.0000,500.0000,500.0000,0.8294,0.5332
1141.0000,500.0000,500.0000,0.8294,0.5332
1142.0000,500.0000,500.0000,0.8294,0.5332
1143.0000,500.0000,500.0000,0.8294,0.5332
1144.0000,500.0000,500.0000,0.8294,0.5332
1145.0000,500.0000,500.0000,0.0770,0.5375
1146.0000,500.0000,500.0000,0.0770,0.5375
1147.0000,500.0000,500.0000,0.0770,0.5375
1148.0000,500.0000,500.0000,0.0770,0.5375
1149.0000,500.0000,500.0000,0.0770,0.5375
1150.0000,500.0000,500.0000,0.0504,0.5317
1151.0000,500.0000,500.0000,0.0504,0.5317
1152.0000,500.0000,500.0000,0.0504,0.5317
1153.0000,500.0000,500.0000,0.0504,0.5317
1154.0000,500.0000,500.0000,0.0504,0.5317
1155.0000,500.0000,500.0000,0.3933,0.5222
1156.0000,500.0000,500.0000,0.3933,0.5222
1157.0000,500.0000,500.0000,0.3933,0.5222
1158.0000,500.0000,500.0000,0.3933,0.5222
1159.0000,500.0000,500.0000,0.3933,0.5222
1160.0000,500.0000,500.0000,0.4757,0.5322
1161.0000,500.0000,500.0000,0.4757,0.5322
1162.0000,500.0000,500.0000,0.4757,0.5322
1163.0000,500.0000,500.0000,0.4757,0.5322
1164.0000,500.0000,500.0000,0.4757,0.5322
1165.0000,500.0000,500.0000,0.3115,0.5356
1166.0000,500.0000,500.0000,0.3115,0.5356
1167.0000,500.0000,500.0000,0.3115,0.5356
1168.0000,500.0000,500.0000,0.3115,0.5356
1169.0000,500.0000,500.0000,0.3115,0.5356
1170.0000,500.0000,500.0000,0.2505,0.5387
1171.0000,500.0000,500.0000,0.2505,0.5387
1172.0000,500.0000,500.0000,0.2505,0.5387
1173.0000,500.0000,500.0000,0.2505,0.5387
1174.0000,500.0000,500.0000,0.2505,0.5387
1175.0000,500.0000,500.0000,0.8626,0.5313
1176.0000,500.0000,500.0000,0.8626,0.5313
1177.0000,500.0000,500.0000,0.8626,0.5313
1178.0000,500.0000,500.0000,0.8626,0.5313
1179.0000,500.0000,500.0000,0.8626,0.5313
1180.0000,500.0000,500.0000,0.6674,0.5369
1181.0000,500.0000,500.0000,0.6674,0.5369
1182.0000,500.0000,500.0000,0.6674,0.5369
1183.0000,500.0000,500.0000,0.6674,0.5369
1184.0000,500.0000,500.0000,0.6674,0.5369
1185.0000,500.0000,500.0000,0.4844,0.5487
1186.0000,500.0000,500.0000,0.4844,0.5487
1187.0000,500.0000,500.0000,0.4844,0.5487
1188.0000,500.0000,500.0000,0.4844,0.5487
1189.0000,500.0000,500.0000,0.4844,0.5487
1190.0000,500.0000,500.0000,0.4281,0.5292
1191.0000,500.0000,500.0000,0.4281,0.5292
1192.0000,500.0000,500.0000,0.4281,0.5292
1193.0000,500.0000,500.0000,0.4281,0.5292
1194.0000,500.0000,500.0000,0.4281,0.5292
1195.0000,500.0000,500.0000,0.4668,0.5269
1196.0000,500.0000,500.0000,0.4668,0.5269
1197.0000,500.0000,500.0000,0.4668,0.5269
1198.0000,500.0000,500.0000,0.4668,0.5269
1199.0000,500.0000,500.0000,0.4668,0.5269
1200.0000,500.0000,500.0000,0.3698,0.5134
1201.0000,500.0000,500.0000,0.3698,0.5134
1202.0000,500.0000,500.0000,0.3698,0.5134
1203.0000,500.0000,500.0000,0.3698,0.5134
1204.0000,500.0000,500.0000,0.3698,0.5134
1205.0000,500.0000,500.0000,0.4741,0.4979
1206.0000,500.0000,500.0000,0.4741,0.4979
1207.0000,500.0000,500.0000,0.4741,0.4979
1208.0000,500.0000,500.0000,0.4741,0.4979
1209.0000,500.0000,500.0000,0.4741,0.4979
1210.0000,500.0000,500.0000,0.5749,0.5013
1211.0000,500.0000,500.0000,0.5749,0.5013
1212.0000,500.0000,500.0000,0.5749,0.5013
1213.0000,500.0000,500.0000,0.5749,0.5013
1214.0000,500.0000,500.0000,0.5749,0.5013
1215.0000,500.0000,500.0000,0.5985,0.5072
1216.0000,500.0000,500.0000,0.5985,0.5072
1217.0000,500.0000,500.0000,0.5985,0.5072
1218.0000,500.0000,500.0000,0.5985,0.5072
1219.0000,500.0000,500.0000,0.5985,0.5072
1220.0000,500.0000,500.0000,0.4850,0.5140
1221.0000,500.0000,500.0000,0.4850,0.5140
1222.0000,500.0000,500.0000,0.4850,0.5140
1223.0000,500.0000,500.0000,0.4850,0.5140
1224.0000,500.0000,500.0000,0.4850,0.5140
1225.0000,500.0000,500.0000,0.4507,0.5307
1226.0000,500.0000,500.0000,0.4507,0.5307
1227.0000,500.0000,500.0000,0.4507,0.5307
1228.0000,500.0000,500.0000,0.4507,0.5307
1229.0000,500.0000,500.0000,0.4507,0.5307
1230.0000,500.0000,500.0000,0.4926,0.5398
1231.0000,500.0000,500.0000,0.4926,0.5398
1232.0000,500.0000,500.0000,0.4926,0.5398
1233.0000,500.0000,500.0000,0.4926,0.5398
1234.0000,500.0000,500.0000,0.4926,0.5398
1235.0000,500.0000,500.0000,0.4799,0.5372
1236.0000,500.0000,500.0000,0.4799,0.5372
1237.0000,500.0000,500.0000,0.4799,0.5372
1238.0000,500.0000,500.0000,0.4799,0.5372
1239.0000,500.0000,500.0000,0.4799,0.5372
1240.0000,500.0000,500.0000,0.4383,0.5398
1241.0000,500.0000,500.0000,0.4383,0.5398
1242.0000,500.0000,500.0000,0.4383,0.5398
1243.0000,500.0000,500.0000,0.4383,0.5398
1244.0000,500.0000,500.0000,0.4383,0.5398
1245.0000,500.0000,500.0000,0.4671,0.5411
1246.0000,500.0000,500.0000,0.4671,0.5411
1247.0000,500.0000,500.0000,0.4671,0.5411
1248.0000,500.0000,500.0000,0.4671,0.5411
1249.0000,500.0000,500.0000,0.4671,0.5411
1250.0000,500.0000,500.0000,0.5952,0.5316
1251.0000,500.0000,500.0000,0.5952,0.5316
1252.0000,500.0000,500.0000,0.5952,0.5316
1253.0000,500.0000,500.0000,0.5952,0.5316
1254.0000,500.0000,500.0000,0.5952,0.5316
1255.0000,500.0000,500.0000,0.5165,0.5067
1256.0000,191.0000,191.0000,0.5165,0.5067
1257.0000,500.0000,500.0000,0.5165,0.5067
1258.0000,500.0000,500.0000,0.5165,0.5067
1259.0000,500.0000,500.0000,0.5165,0.5067
1260.0000,500.0000,500.0000,0.3463,0.5109
1261.0000,500.0000,500.0000,0.3463,0.5109
1262.0000,500.0000,500.0000,0.3463,0.5109
1263.0000,500.0000,500.0000,0.3463,0.5109
1264.0000,500.0000,500.0000,0.3463,0.5109
1265.0000,500.0000,500.0000,0.5332,0.5016
1266.0000,335.0000,335.0000,0.5332,0.5016
1267.0000,500.0000,500.0000,0.5332,0.5016
1268.0000,496.0000,496.0000,0.5332,0.5016
1269.0000,500.0000,500.0000,0.5332,0.5016
1270.0000,500.0000,500.0000,0.4035,0.5061
1271.0000,500.0000,500.0000,0.4035,0.5061
1272.0000,500.0000,500.0000,0.4035,0.5061
1273.0000,500.0000,500.0000,0.4035,0.5061
1274.0000,500.0000,500.0000,0.4035,0.5061
1275.0000,500.0000,500.0000,0.5675,0.5203
1276.0000,500.0000,500.0000,0.5675,0.5203
1277.0000,500.0000,500.0000,0.5675,0.5203
1278.0000,500.0000,500.0000,0.5675,0.5203
1279.0000,500.0000,500.0000,0.5675,0.5203
1280.0000,500.0000,500.0000,0.5072,0.5206
1281.0000,500.0000,500.0000,0.5072,0.5206
1282.0000,500.0000,500.0000,0.5072,0.5206
1283.0000,500.0000,500.0000,0.5072,0.5206
1284.0000,500.0000,500.0000,0.5072,0.5206
1285.0000,500.0000,500.0000,0.4317,0.5311
1286.0000,500.0000,500.0000,0.4317,0.5311
1287.0000,351.0000,351.0000,0.4317,0.5311
1288.0000,376.0000,376.0000,0.4317,0.5311
1289.0000,500.0000,500.0000,0.4317,0.5311
1290.0000,328.0000,328.0000,0.3748,0.5313
1291.0000,500.0000,500.0000,0.3748,0.5313
1292.0000,388.0000,388.0000,0.3748,0.5313
1293.0000,500.0000,500.0000,0.3748,0.5313
1294.0000,500.0000,500.0000,0.3748,0.5313
1295.0000,284.0000,284.0000,0.4393,0.5389
1296.0000,305.0000,305.0000,0.4393,0.5389
1297.0000,260.0000,260.0000,0.4393,0.5389
1298.0000,500.0000,500.0000,0.4393,0.5389
1299.0000,500.0000,500.0000,0.4393,0.5389
1300.0000,500.0000,500.0000,0.4922,0.5426
1301.0000,500.0000,500.0000,0.4922,0.5426
1302.0000,500.0000,500.0000,0.4922,0.5426
1303.0000,500.0000,500.0000,0.4922,0.5426
1304.0000,500.0000,500.0000,0.4922,0.5426
1305.0000,500.0000,500.0000,0.5236,0.5451
1306.0000,500.0000,500.0000,0.5236,0.5451
1307.0000,500.0000,500.0000,0.5236,0.5451
1308.0000,500.0000,500.0000,0.5236,0.5451
1309.0000,500.0000,500.0000,0.5236,0.5451
1310.0000,500.0000,500.0000,0.5081,0.5402
1311.0000,500.0000,500.0000,0.5081,0.5402
1312.0000,500.0000,500.0000,0.5081,0.5402
1313.0000,500.0000,500.0000,0.5081,0.5402
1314.0000,500.0000,500.0000,0.5081,0.5402
1315.0000,500.0000,500.0000,0.4225,0.5404
1316.0000,142.0000,142.0000,0.4225,0.5404
1317.0000,445.0000,445.0000,0.4225,0.5404
1318.0000,463.0000,463.0000,0.4225,0.5404
1319.0000,485.0000,485.0000,0.4225,0.5404
1320.0000,295.0000,295.0000,0.3375,0.5392
1321.0000,446.0000,446.0000,0.3375,0.5392
1322.0000,167.0000,167.0000,0.3375,0.5392
1323.0000,290.0000,290.0000,0.3375,0.5392
1324.0000,391.0000,391.0000,0.3375,0.5392
1325.0000,403.0000,403.0000,0.3082,0.5451
1326.0000,164.0000,164.0000,0.3082,0.5451
1327.0000,270.0000,270.0000,0.3082,0.5451
1328.0000,290.0000,290.0000,0.3082,0.5451
1329.0000,141.0000,141.0000,0.3082,0.5451
1330.0000,500.0000,500.0000,0.6043,0.5369
1331.0000,500.0000,500.0000,0.6043,0.5369
1332.0000,500.0000,500.0000,0.6043,0.5369
1333.0000,500.0000,500.0000,0.6043,0.5369
1334.0000,500.0000,500.0000,0.6043,0.5369
1335.0000,500.0000,500.0000,0.6416,0.5447
1336.0000,500.0000,500.0000,0.6416,0.5447
1337.0000,500.0000,500.0000,0.6416,0.5447
1338.0000,500.0000,500.0000,0.6416,0.5447
1339.0000,500.0000,500.0000,0.6416,0.5447
1340.0000,500.0000,500.0000,0.4019,0.5477
1341.0000,500.0000,500.0000,0.4019,0.5477
1342.0000,500.0000,500.0000,0.4019,0.5477
1343.0000,500.0000,500.0000,0.4019,0.5477
1344.0000,243.0000,243.0000,0.4019,0.5477
1345.0000,500.0000,500.0000,0.4750,0.5365
1346.0000,500.0000,500.0000,0.4750,0.5365
1347.0000,500.0000,500.0000,0.4750,0.5365
1348.0000,500.0000,500.0000,0.4750,0.5365
1349.0000,500.0000,500.0000,0.4750,0.5365
1350.0000,500.0000,500.0000,0.4328,0.5327
1351.0000,500.0000,500.0000,0.4328,0.5327
1352.0000,500.0000,500.0000,0.4328,0.5327
1353.0000,500.0000,500.0000,0.4328,0.5327
1354.0000,500.0000,500.0000,0.4328,0.5327
1355.0000,500.0000,500.0000,0.4745,0.5294
1356.0000,500.0000,500.0000,0.4745,0.5294
1357.0000,500.0000,500.0000,0.4745,0.5294
1358.0000,500.0000,500.0000,0.4745,0.5294
1359.0000,500.0000,500.0000,0.4745,0.5294
1360.0000,500.0000,500.0000,0.4530,0.5234
1361.0000,500.0000,500.0000,0.4530,0.5234
1362.0000,500.0000,500.0000,0.4530,0.5234
1363.0000,486.0000,486.0000,0.4530,0.5234
1364.0000,500.0000,500.0000,0.4530,0.5234
1365.0000,500.0000,500.0000,0.5908,0.5138
1366.0000,500.0000,500.0000,0.5908,0.5138
1367.0000,500.0000,500.0000,0.5908,0.5138
1368.0000,500.0000,500.0000,0.5908,0.5138
1369.0000,500.0000,500.0000,0.5908,0.5138
1370.0000,500.0000,500.0000,0.4306,0.5105
1371.0000,500.0000,500.0000,0.4306,0.5105
1372.0000,500.0000,500.0000,0.4306,0.5105
1373.0000,500.0000,500.0000,0.4306,0.5105
1374.0000,500.0000,500.0000,0.4306,0.5105
1375.0000,500.0000,500.0000,0.4889,0.4980
1376.0000,289.0000,289.0000,0.4889,0.4980
1377.0000,500.0000,500.0000,0.4889,0.4980
1378.0000,500.0000,500.0000,0.4889,0.4980
1379.0000,500.0000,500.0000,0.4889,0.4980
1380.0000,295.0000,295.0000,0.4039,0.4839
1381.0000,158.0000,158.0000,0.4039,0.4839
1382.0000,500.0000,500.0000,0.4039,0.4839
1383.0000,386.0000,386.0000,0.4039,0.4839
1384.0000,500.0000,500.0000,0.4039,0.4839
1385.0000,407.0000,407.0000,0.3336,0.4985
1386.0000,464.0000,464.0000,0.3336,0.4985
1387.0000,500.0000,500.0000,0.3336,0.4985
1388.0000,500.0000,500.0000,0.3336,0.4985
1389.0000,500.0000,500.0000,0.3336,0.4985
1390.0000,500.0000,500.0000,0.1405,0.5005
1391.0000,500.0000,500.0000,0.1405,0.5005
1392.0000,499.0000,499.0000,0.1405,0.5005
1393.0000,500.0000,500.0000,0.1405,0.5005
1394.0000,281.0000,281.0000,0.1405,0.5005
1395.0000,500.0000,500.0000,0.5153,0.5079
1396.0000,500.0000,500.0000,0.5153,0.5079
1397.0000,500.0000,500.0000,0.5153,0.5079
1398.0000,443.0000,443.0000,0.5153,0.5079
1399.0000,500.0000,500.0000,0.5153,0.5079
1400.0000,264.0000,264.0000,0.3304,0.5231
1401.0000,500.0000,500.0000,0.3304,0.5231
1402.0000,500.0000,500.0000,0.3304,0.5231
1403.0000,500.0000,500.0000,0.3304,0.5231
1404.0000,500.0000,500.0000,0.3304,0.5231
1405.0000,500.0000,500.0000,0.5564,0.5311
1406.0000,500.0000,500.0000,0.5564,0.5311
1407.0000,500.0000,500.0000,0.5564,0.5311
1408.0000,500.0000,500.0000,0.5564,0.5311
1409.0000,500.0000,500.0000,0.5564,0.5311
1410.0000,500.0000,500.0000,0.3037,0.5374
1411.0000,500.0000,500.0000,0.3037,0.5374
1412.0000,500.0000,500.0000,0.3037,0.5374
1413.0000,500.0000,500.0000,0.3037,0.5374
1414.0000,500.0000,500.0000,0.3037,0.5374
1415.0000,500.0000,500.0000,0.4406,0.5353
1416.0000,500.0000,500.0000,0.4406,0.5353
1417.0000,500.0000,500.0000,0.4406,0.5353
1418.0000,500.0000,500.0000,0.4406,0.5353
1419.0000,500.0000,500.0000,0.4406,0.5353
1420.0000,500.0000,500.0000,0.5042,0.5315
1421.0000,500.0000,500.0000,0.5042,0.5315
1422.0000,500.0000,500.0000,0.5042,0.5315
1423.0000,500.0000,500.0000,0.5042,0.5315
1424.0000,500.0000,500.0000,0.5042,0.5315
1425.0000,500.0000,500.0000,0.4473,0.5319
1426.0000,500.0000,500.0000,0.4473,0.5319
1427.0000,500.0000,500.0000,0.4473,0.5319
1428.0000,500.0000,500.0000,0.4473,0.5319
1429.0000,500.0000,500.0000,0.4473,0.5319
1430.0000,500.0000,500.0000,0.5406,0.5316
1431.0000,500.0000,500.0000,0.5406,0.5316
1432.0000,500.0000,500.0000,0.5406,0.5316
1433.0000,500.0000,500.0000,0.5406,0.5316
1434.0000,500.0000,500.0000,0.5406,0.5316
1435.0000,500.0000,500.0000,0.4895,0.5397
1436.0000,500.0000,500.0000,0.4895,0.5397
1437.0000,500.0000,500.0000,0.4895,0.5397
1438.0000,500.0000,500.0000,0.4895,0.5397
1439.0000,500.0000,500.0000,0.4895,0.5397
1440.0000,500.0000,500.0000,0.4951,0.5477
1441.0000,500.0000,500.0000,0.4951,0.5477
1442.0000,500.0000,500.0000,0.4951,0.5477
1443.0000,500.0000,500.0000,0.4951,0.5477
1444.0000,500.0000,500.0000,0.4951,0.5477
1445.0000,500.0000,500.0000,0.5040,0.5551
1446.0000,500.0000,500.0000,0.5040,0.5551
1447.0000,500.0000,500.0000,0.5040,0.5551
1448.0000,500.0000,500.0000,0.5040,0.5551
1449.0000,500.0000,500.0000,0.5040,0.5551
1450.0000,500.0000,500.0000,0.4370,0.5568
1451.0000,500.0000,500.0000,0.4370,0.5568
1452.0000,500.0000,500.0000,0.4370,0.5568
1453.0000,500.0000,500.0000,0.4370,0.5568
1454.0000,500.0000,500.0000,0.4370,0.5568
1455.0000,500.0000,500.0000,0.4855,0.5453
1456.0000,500.0000,500.0000,0.4855,0.5453
1457.0000,500.0000,500.0000,0.4855,0.5453
1458.0000,500.0000,500.0000,0.4855,0.5453
1459.0000,500.0000,500.0000,0.4855,0.5453
1460.0000,500.0000,500.0000,0.5491,0.5339
1461.0000,500.0000,500.0000,0.5491,0.5339
1462.0000,500.0000,500.0000,0.5491,0.5339
1463.0000,500.0000,500.0000,0.5491,0.5339
1464.0000,500.0000,500.0000,0.5491,0.5339
1465.0000,500.0000,500.0000,0.5375,0.5421
1466.0000,500.0000,500.0000,0.5375,0.5421
1467.0000,500.0000,500.0000,0.5375,0.5421
1468.0000,500.0000,500.0000,0.5375,0.5421
1469.0000,500.0000,500.0000,0.5375,0.5421
1470.0000,500.0000,500.0000,0.4660,0.5388
1471.0000,500.0000,500.0000,0.4660,0.5388
1472.0000,500.0000,500.0000,0.4660,0.5388
1473.0000,500.0000,500.0000,0.4660,0.5388
1474.0000,500.0000,500.0000,0.4660,0.5388
1475.0000,500.0000,500.0000,0.4199,0.5537
1476.0000,500.0000,500.0000,0.4199,0.5537
1477.0000,500.0000,500.0000,0.4199,0.5537
1478.0000,500.0000,500.0000,0.4199,0.5537
1479.0000,500.0000,500.0000,0.4199,0.5537
1480.0000,500.0000,500.0000,0.5458,0.5493
1481.0000,500.0000,500.0000,0.5458,0.5493
1482.0000,500.0000,500.0000,0.5458,0.5493
1483.0000,500.0000,500.0000,0.5458,0.5493
1484.0000,500.0000,500.0000,0.5458,0.5493
1485.0000,500.0000,500.0000,0.5053,0.5668
1486.0000,500.0000,500.0000,0.5053,0.5668
1487.0000,500.0000,500.0000,0.5053,0.5668
1488.0000,500.0000,500.0000,0.5053,0.5668
1489.0000,500.0000,500.0000,0.5053,0.5668
1490.0000,500.0000,500.0000,0.4702,0.5670
1491.0000,500.0000,500.0000,0.4702,0.5670
1492.0000,500.0000,500.0000,0.4702,0.5670
1493.0000,500.0000,500.0000,0.4702,0.5670
1494.0000,500.0000,500.0000,0.4702,0.5670
1495.0000,500.0000,500.0000,0.4616,0.5840
1496.0000,396.0000,396.0000,0.4616,0.5840
1497.0000,500.0000,500.0000,0.4616,0.5840
1498.0000,500.0000,500.0000,0.4616,0.5840
1499.0000,500.0000,500.0000,0.4616,0.5840
1500.0000,218.0000,218.0000,0.4723,0.5660
